{"aaa": 10.111, "bbb": 8.245357990264893, "ccc": 8.844112157821655, "ddd": 10.053928136825562, "eee": 8.007854223251343}